Fecha,Region,Estado,Municipio,Estacion,Permiso CRE,Direccion,Regular,Premium,Diesel,Tipo Diesel
2026-08-18,,,,GASOLINERA MARTÍN S.A. DE C.V.,PL/7773/EXP/ES/2015,Avenida Adolfo López Mateos Sur No. 1000,22.99,28.39,26.99,Diésel
2026-08-18,,,,GASOLINERA MARTÍN S.A. DE C.V.,PL/12668/EXP/ES/2015,Avenida Las Torres No. 6140,22.99,28.39,26.99,Automotriz
2026-08-18,,,,GASOLINERA MARTÍN S.A. DE C.V.,PL/12669/EXP/ES/2015,Avenida Las Torres No. 6165,22.99,28.39,26.99,Automotriz
2026-08-18,,,,COMBUSTRON 1272 S.A. DE C.V.,PL/22221/EXP/ES/2019,"AVENIDA LÁZARO CÁRDENAS NO. 4094, ESQUINA CON CALLE DON BOSCO",22.99,29.89,,
2026-08-18,,,,GASOLINERA PATRIA S.A. DE C.V.,PL/8906/EXP/ES/2015,Avenida Patria No. 2495,22.99,27.99,27.00,Automotriz
2026-08-18,,,,GRUPO GASOLINERO SAMARA S.A. DE C.V.,PL/9369/EXP/ES/2015,Prolongación Avenida Guadalupe N. 3439,22.99,28.39,26.99,DUBA
2026-08-18,,,,GASOLINERA MARTÍN S.A. DE C.V.,PL/11366/EXP/ES/2015,Prolongación Mariano Otero No. 79,22.99,28.39,26.99,Automotriz
2026-08-18,,,,DARA SERVICIOS S.A. DE C.V.,PL/5648/EXP/ES/2015,Timoteo Torres No. 2496,22.99,29.19,26.69,Automotriz
2026-08-18,,,,"Costco Gas, S.A. de C.V.",PL/25528/EXP/ES/2024,"Anillo Periférico (Manuel Gómez Morín) Fracción A, No. 1235",23.29,27.99,,
2026-08-18,,,,SERVICIOS ALCARAZ Y HERNÁNDEZ S.A. DE C.V.,PL/6506/EXP/ES/2015,Km 3 Carretera Guadalajara - Saltillo,23.39,28.59,,
2026-08-18,,,,RINCON ENERGÉTICO S.A. DE C.V.,PL/1944/EXP/ES/2015,Anillo Periférico No. 714,23.49,28.69,26.99,Diésel
2026-08-18,,,,"ESTACION COMPOSITORES, S.A. DE C.V.",PL/25649/EXP/ES/2024,AV. PATRIA 1297,23.49,28.49,,
2026-08-18,,,,MULTISERVICIO LA CALMA S.A. DE C.V.,PL/1669/EXP/ES/2015,Avenida La Calma No. 3486,23.49,28.49,,
2026-08-18,,,,ESTACIÓN GUADALUPE S.A. DE C.V.,PL/10106/EXP/ES/2015,Pintores 793,23.49,28.49,,
2026-08-18,,,,GASOLINERA LOS ROBLES S.A. DE C.V.,PL/6469/EXP/ES/2015,Calzada Juan Gil Preciado No. 7611,23.50,28.50,26.99,Automotriz
2026-08-18,,,,OPERADORA KINZA S.A. DE C.V.,PL/9585/EXP/ES/2015,Avenida Moctezuma Esquina Con Avenida Tepeyac S/N,23.59,28.19,,
2026-08-18,,,,ENERGÍA SAN PABLO S.A. DE C.V.,PL/6952/EXP/ES/2015,Avenida Cordilleras S/N Esquina Volcan Vesubio,23.69,26.99,,
2026-08-18,,,,GAXCOPETROL DE MÉXICO S.A. DE C.V.,PL/1760/EXP/ES/2015,Avenida Tepeyac No. 5030,23.69,26.99,,
2026-08-18,,,,SERVICIO INDUSTRIAL DE ZAPOPAN S.A. DE C.V.,PL/2832/EXP/ES/2015,Prolongación Laureles No. 601,23.70,28.90,,
2026-08-18,,,,SERVICIO BASE AÉREA S.A. DE C.V.,PL/1756/EXP/ES/2015,Avenida Base Aérea Militar No. 330,23.79,28.79,,
2026-08-18,,,,SOLUGAS SOLUCIONES EN GASOLINERAS S.A. DE C.V.,PL/1311/EXP/ES/2015,La Loma No. 1525,23.79,28.29,27.00,Automotriz
2026-08-18,,,,GASOLINERA CONSTITUCIÓN S.A. DE C.V.,PL/1421/EXP/ES/2015,Paulino Navarro No. 748,23.79,28.89,,
2026-08-18,,,,GAXCO OBELISCO S.A. DE C.V.,PL/1807/EXP/ES/2015,Avenida Ávila Camacho No. 3250,23.89,27.29,,
2026-08-18,,,,"SERVICIOS Y COMBUSTIBLES TCHAIKOVSKY, S.A. DE C.V.",PL/25050/EXP/ES/2023,AVENIDA PIOTR CHAIKOVSKI 594,23.89,28.49,,
2026-08-18,,,,ESTACIÓN DE SERVICIO GALERIAS S.A. DE C.V.,PL/10098/EXP/ES/2015,Ludwin Van Beethoven No. 5503,23.89,28.49,,
2026-08-18,,,,SERVICIO REAL ACUEDUCTO S.A. DE C.V.,PL/19613/EXP/ES/2016,Avenida Real Acueducto 405a,23.95,29.45,,
2026-08-18,,,,ESTACIÓN DE SERVICIO APV S.A. DE C.V.,PL/11006/EXP/ES/2015,Carretera a Nogales No. 4880,23.97,29.47,26.99,Automotriz
2026-08-18,,,,CORPORATIVO VENTA DEL ASTILLERO S.A. DE C.V.,PL/1688/EXP/ES/2015,Carretera México - Nogales Km 696.3,23.97,29.37,26.97,Automotriz
2026-08-18,,,,LAS COMADRES DE NEXTIPAC SA DE CV,PL/22606/EXP/ES/2019,RAMON CORONA 440,23.97,29.47,26.99,Automotriz
2026-08-18,,,,"GRUPO ATHOS DE OCCIDENTE, S.A. DE C.V.",PL/25386/EXP/ES/2023,AV. JUAN PABLO II No. 1075,23.98,29.44,26.98,Automotriz
2026-08-18,,,,OTON ZAZUETA BELTRAN,PL/8342/EXP/ES/2015,Avenida Guadalupe No. 9500,23.98,27.98,,
2026-08-18,,,,MIGUEL ZAZUETA BELTRAN,PL/6905/EXP/ES/2015,Avenida Guadalupe No. 9501,23.98,28.90,,
2026-08-18,,,,SERVICIO NUEVO MÉXICO S.A. DE C.V.,PL/11004/EXP/ES/2015,Cl Juan Gil Preciado No. 1800,23.98,28.50,27.00,Diésel
2026-08-18,,,,SÚPER SERVICIO CIUDAD GRANJA S.A. DE C.V.,PL/1726/EXP/ES/2015,Periférico Poniente Lateral Norte No. 6500,23.98,29.99,26.99,Automotriz
2026-08-18,,,,"PETRO HUNTER, S.A. DE C.V.",PL/25482/EXP/ES/2024,ANILLO PERIFÉRICO MANUEL GÓMEZ MORÍN No. 20,23.99,29.79,,
2026-08-18,,,,GRUPO OCTANO S.A. DE C.V.,PL/418/EXP/ES/2015,Anillo Periférico No. 4230,23.99,29.99,27.00,Diésel
2026-08-18,,,,ESTACIÓN DE SERVICIO NACIONES UNIDAS S.A. DE C.V.,PL/1574/EXP/ES/2015,Anillo Periférico No. 4435,23.99,29.99,27.00,Automotriz
2026-08-18,,,,LOSA GAS S.A. DE C.V.,PL/21122/EXP/ES/2018,AV PROLONGACIÓN MARIANO OTERO 1270,23.99,29.10,,
2026-08-18,,,,GRUPO JGJ-LUAN SA DE CV,PL/20959/EXP/ES/2018,AV. JUAN GIL PRECIADO 1094,23.99,29.49,28.28,Automotriz
2026-08-18,,,,"ALPEZ, S.A. DE C.V.",CNE/PL/184/EXP/ES/2025,AV. VALLE DE LOS MOLINOS NUM. 151,23.99,28.89,26.99,DUBA
2026-08-18,,,,DAVID DE ANDA CHÁVEZ,PL/7721/EXP/ES/2015,Avenida 18 de Marzo No. 1545,23.99,29.99,,
2026-08-18,,,,SERVICIO LOS DELFINES S.A. DE C.V.,PL/8978/EXP/ES/2015,Avenida Acueducto 1555,23.99,28.99,26.99,Automotriz
2026-08-18,,,,ABC FUEL SERVICES S. DE R. L. DE C. V.,PL/19792/EXP/ES/2016,Avenida Acueducto S/N Esquina Avenida del Valle,23.99,28.99,,
2026-08-18,,,,SERVICIOS GASOLINEROS DE MÉXICO S.A. DE C.V.,PL/9787/EXP/ES/2015,Avenida Adolfo López Mateos Sur No. 2959,23.99,29.99,27.00,Automotriz
2026-08-18,,,,SERVICIOS GASOLINEROS DE MÉXICO S.A. DE C.V.,PL/7475/EXP/ES/2015,Avenida Alcalde Esquina Avenida Patria No. 32,23.99,29.99,27.00,Diésel
2026-08-18,,,,SERVICIO PATRIA S.A. DE C.V.,PL/1725/EXP/ES/2015,Avenida Américas No. 2147,23.99,28.69,,
2026-08-18,,,,COMBUSTIBLES TAFIRUL S.A. DE C.V.,PL/2003/EXP/ES/2015,Avenida Anillo Periférico No. 2497,23.99,29.99,,
2026-08-18,,,,ESTACIÓN DE SERVICIO SATELITE S.A. DE C.V.,PL/12817/EXP/ES/2015,Avenida Aviación No. 1516,23.99,28.99,27.00,Diésel
2026-08-18,,,,OPERADORA AVIACIÓN S.A. DE C.V.,PL/10100/EXP/ES/2015,Avenida Aviación No. 3700,23.99,29.69,,
2026-08-18,,,,SERVICIOS GASOLINEROS DE MÉXICO S.A. DE C.V.,PL/11378/EXP/ES/2015,Avenida de La Patria No. 1570,23.99,29.99,27.00,Diésel
2026-08-18,,,,SERVICIO TORRES DIEZ S.A. DE C.V.,PL/5324/EXP/ES/2015,Avenida de Las Torres No. 1200,23.99,28.99,26.99,DUBA
2026-08-18,,,,GASOLIO S.A. DE C.V.,PL/13597/EXP/ES/2016,Avenida Federalismo No. 2495,23.99,23.99,26.99,Diésel
2026-08-18,,,,GASOLINEROS MEXICANOS S.A. DE C.V.,PL/7211/EXP/ES/2015,Avenida Federalismo Norte No. 3906,23.99,28.80,,
2026-08-18,,,,IVAN GARCIA ARCE,PL/1474/EXP/ES/2015,Avenida José María Pino Suarez No. 1000,23.99,29.35,27.00,Diésel
2026-08-18,,,,"SERVICIOS GASOLINEROS DE MEXICO, S.A. DE C.V.",PL/1538/EXP/ES/2015,Avenida Lázaro Cárdenas No. 3810,23.99,29.99,,
2026-08-18,,,,ESTACIÓN DE SERVICIO PEGASO S.A. DE C.V.,PL/12041/EXP/ES/2015,Avenida López Mateos No. 3201,23.99,28.99,,
2026-08-18,,,,SERVICIO CLOUTHIER PREMIER S.A. DE C.V.,PL/5343/EXP/ES/2015,Avenida Manuel J. Clouthier No. 325,23.99,29.29,26.99,Automotriz
2026-08-18,,,,ESTACIÓN DE SERVICIO PLEYADES S.A. DE C.V.,PL/5055/EXP/ES/2015,Avenida Mariano Otero No. 4153,23.99,29.99,,
2026-08-18,,,,"SERVICIOS GASOLINEROS DE MEXICO, S.A. DE C.V.",PL/1993/EXP/ES/2015,Avenida Mariano Otero No. 5782,23.99,29.99,,
2026-08-18,,,,ENERGÉTICOS PLUS S.A. DE C.V.,PL/3004/EXP/ES/2015,Avenida Patria No. 1201,23.99,29.99,,
2026-08-18,,,,SERVICIOS GASOLINEROS DE MÉXICO S.A. DE C.V.,PL/11377/EXP/ES/2015,Avenida Patria No. 1350,23.99,29.99,,
2026-08-18,,,,GASOLINERA KUKULKAN S.A. DE C.V.,PL/6875/EXP/ES/2015,Avenida Patria No. 1543,23.99,29.62,,
2026-08-18,,,,COMBUSTIBLES CENTAURO S.A. DE C.V.,PL/1990/EXP/ES/2015,Avenida Patria No. 1861,23.99,29.99,,
2026-08-18,,,,SERVICIO PATRYBACH S.A. DE C.V.,PL/955/EXP/ES/2015,Avenida Patria No. 209,23.99,29.98,,
2026-08-18,,,,ESTACIÓN DE SERVICIO PATRIA UNIVERSIDAD S.A. DE C.V.,PL/2002/EXP/ES/2015,Avenida Patria No. 424,23.99,29.83,27.00,Diésel
2026-08-18,,,,BECKTROP OPERADORA S.A. DE C.V.,PL/681/EXP/ES/2015,Avenida Patria No. 574,23.99,29.99,26.99,Automotriz
2026-08-18,,,,COMBUSTIBLES MILLENIUM S.A. DE C.V.,PL/1947/EXP/ES/2015,Avenida Periférico Norte No. 10,23.99,29.49,27.29,Diésel
2026-08-18,,,,ANDUL OIL S.A. DE C.V.,PL/1644/EXP/ES/2015,Avenida Prolongación Guadalupe No. 1701,23.99,28.99,,
2026-08-18,,,,COMBUSTIBLES MELAMENGAMBREAS S.A. DE C.V.,PL/1996/EXP/ES/2015,Avenida Rafael Sanzio No. 771,23.99,29.49,,
2026-08-18,,,,COMBUSTIBLES Y SERVICIOS SAMER S.A. DE C.V.,PL/10927/EXP/ES/2015,Avenida San Esteban No. 35,23.99,29.59,27.00,Diésel
2026-08-18,,,,MULTISERVICIOS 511 S.A. DE C.V.,PL/3788/EXP/ES/2015,Avenida Santa Ana Tepetitlán No. 316,23.99,28.99,27.00,Automotriz
2026-08-18,,,,ECOESTACIÓN DE COMBUSTIBLES S.A. DE C.V.,PL/19030/EXP/ES/2016,Avenida Santa Margarita 3716,23.99,28.99,26.99,Diésel
2026-08-18,,,,COMBUSTIBLES PALMA REAL S.A. DE C.V.,PL/1462/EXP/ES/2015,Avenida Santa Margarita No. 3740,23.99,29.39,27.00,Diésel
2026-08-18,,,,IVAN GARCIA ARCE,PL/1406/EXP/ES/2015,Avenida Tesistan No. 511 Y 519,23.99,29.35,,
2026-08-18,,,,COMBUSTIBLES MINOTAURO S.A. DE C.V.,PL/1982/EXP/ES/2015,Avenida Valdepeñas No. 1920,23.99,29.49,,
2026-08-18,,,,SERVICIOS MOZA S.A. DE C.V.,PL/6819/EXP/ES/2015,Avenida Vallarta No. 4961,23.99,29.90,,
2026-08-18,,,,NOVOGAS GUADALAJARA VALLARTA S.A. DE C.V.,PL/3123/EXP/ES/2015,Avenida Vallarta No. 5455-B,23.99,29.28,,
2026-08-18,,,,SERVICIO ANGEL S.A. DE C.V.,PL/10722/EXP/ES/2015,Avenida Vallarta No. 6157,23.99,29.99,27.00,Automotriz
2026-08-18,,,,GRUPO OCTANO S.A. DE C.V.,PL/503/EXP/ES/2015,Avenida Vallarta No. 6503,23.99,29.99,,
2026-08-18,,,,PETROVAZ S.A. DE C.V.,PL/10129/EXP/ES/2015,Avenida Vallarta S/N Casi Esquina Con Periférico,23.99,29.99,27.00,DUBA
2026-08-18,,,,ENERGÍA FATIMA S.A. DE C.V.,PL/8982/EXP/ES/2015,Avenida Valle de Atemajac No. 2323,23.99,28.99,,
2026-08-18,,,,COMBUSTIBLES AVIACIÓN S.A. DE C.V.,PL/7619/EXP/ES/2015,Aviación No. 5077,23.99,29.99,,
2026-08-18,,,,SERVICIO EXTRARAPIDO S.A. DE C.V.,PL/1865/EXP/ES/2015,Calle Chícharo No. 5454,23.99,28.99,26.99,Diésel
2026-08-18,,,,SERVICIO TESISTAN S.A. DE C.V.,PL/5408/EXP/ES/2015,Calle Juan Manuel Ruvalcaba No. 21,23.99,28.89,26.99,Diésel
2026-08-18,,,,SERVICIOS Y COMBUSTIBLES TEPEYAC S.A. DE C.V.,PL/8397/EXP/ES/2015,Calle Paseo de Los Virreyes No. 4279,23.99,29.99,,
2026-08-18,,,,GASOLINA Y DIESEL DE OCCIDENTE S.A. DE C.V.,PL/10137/EXP/ES/2015,Calle Pino Suarez No. 587,23.99,29.45,,
2026-08-18,,,,COMBUSTIBLES PAVILLON S.A. DE C.V.,PL/1950/EXP/ES/2015,Calle Plata No. 1701,23.99,29.49,,
2026-08-18,,,,GASOLINERA PLAZA DEL SOL S.A. DE C.V.,PL/10725/EXP/ES/2015,Calle Tenochtitlán No. 1,23.99,29.89,,
2026-08-18,,,,GRUPO OCTANO S.A. DE C.V.,PL/618/EXP/ES/2015,Carretera a Ameca No. 186,23.99,29.99,27.00,Diésel
2026-08-18,,,,SERVICIO COLOTLAN EXPRESS S.A. DE C.V.,PL/7790/EXP/ES/2015,Carretera a Colotlán No. 2800,23.99,29.29,26.99,Automotriz
2026-08-18,,,,"GASOLINERA VILLA DE GUADALUPE, S.A. DE C.V.",PL/25112/EXP/ES/2023,Carretera a Saltillo No. 1820,23.99,29.79,27.00,DUBA
2026-08-18,,,,SERVICIOS GASOLINEROS DE MEXICO S.A. DE C.V.,PL/5706/EXP/ES/2015,Carretera a Saltillo No. 2892,23.99,29.99,27.00,Diésel
2026-08-18,,,,SERVICIO TESCOGAS S.A. DE C.V.,PL/5355/EXP/ES/2015,Carretera a Tesistan No. 8920 Km 9,23.99,28.99,26.99,DUBA
2026-08-18,,,,SERVICIO COLOTLAN EXPRESS S.A. DE C.V.,PL/5401/EXP/ES/2015,Carretera Colotlán No. 2845,23.99,28.89,26.99,Automotriz
2026-08-18,,,,DERIVADORA DE COMBUSTIBLES DEL NORTE S.A. DE C.V.,PL/12562/EXP/ES/2015,Carretera Colotlán No. 5500,23.99,28.99,26.99,Diésel
2026-08-18,,,,COMBU-EXPRESS S.A. DE C.V.,PL/959/EXP/ES/2015,Carretera Guadalajara - Nogales No. 6755,23.99,29.49,27.00,Diésel
2026-08-18,,,,SERVICIO SIGLO XXI S.A. DE C.V.,PL/7023/EXP/ES/2015,Carretera Guadalajara- Nogales 3750 Km 22,23.99,29.99,27.00,DUBA
2026-08-18,,,,COMBUSTIBLES TRITON S.A. DE C.V.,PL/1999/EXP/ES/2015,Carretera Guadalajara Tepic No. 9835,23.99,29.49,27.29,Diésel
2026-08-18,,,,GASOLINERA CUDEA S.A. DE C.V.,PL/1646/EXP/ES/2015,Carretera Guadalajara-Tepic No. 4444,23.99,28.99,26.99,Diésel
2026-08-18,,,,GASOLINERA LA MORENA S.A. DE C.V.,PL/1719/EXP/ES/2015,Federalismo Norte No. 688,23.99,29.70,,
2026-08-18,,,,LUIS BAUTISTA ZEPEDA (SU SUCESIÓN),PL/13489/EXP/ES/2016,Carretera Cotija-Tocumbo Km 8,24.25,,17.99,Diésel
2026-08-18,,,,ESTACIÓN DE SERVICIO SIERRA DEL TIGRE S.A. DE C.V.,PL/10865/EXP/ES/2015,Carretera Valle de Juárez-Mazamitla Km 1.50,24.40,29.80,27.99,Diésel
2026-08-18,,,,GASOLINERA Y LUBRICANTES REAL DE COLIMA S.A. DE C.V.,PL/9429/EXP/ES/2015,Camino Real a Colima No. 1992,22.99,28.39,26.99,DUBA
2026-08-18,,,,JORIMAR GASOLINEROS S.A. DE C.V.,PL/9351/EXP/ES/2015,Carretera a Toluquilla Ingreso Al Fraccionamientola Fortuna N. 5600,22.99,28.39,26.99,DUBA
2026-08-18,,,,JORIMAR GASOLINEROS S.A. DE C.V.,PL/13724/EXP/ES/2016,Carretera Cajititlán-Cuexcomatitlán Km 1.0 N. 2,22.99,28.39,26.99,Automotriz
2026-08-18,,,,GASOLINERA CUESCO S.A. DE C.V.,PL/4868/EXP/ES/2015,Carretera Cajititlán-Cuexcomatitlán No. 800 Km 6.40,22.99,28.90,26.99,Automotriz
2026-08-18,,,,JORIMAR GASOLINEROS S.A. DE C.V.,PL/9346/EXP/ES/2015,Carretera Cuescomatitlán - Cajititlán N-301,22.99,28.39,26.99,Automotriz
2026-08-18,,,,JORIMAR GASOLINEROS S.A. DE C.V.,PL/19730/EXP/ES/2016,Carretera Tlajomulco - San Miguel Cuyutlán Km 2.5 No. 670,22.99,28.39,26.99,Automotriz
2026-08-18,,,,"JORIMAR GASOLINEROS, S.A. DE C.V.",PL/22605/EXP/ES/2019,Carretera Tlajomulco - San Sebastián el Grande Km 3.5 #1100,22.99,28.39,26.99,Automotriz
2026-08-18,,,,GAS VAGA S.A. DE C.V.,PL/4298/EXP/ES/2015,Carretera Tlajomulco a San Miguel Cuyutlán No. 21,22.99,26.99,27.99,Automotriz
2026-08-18,,,,SERVICIOS GOMAR S.A. DE C.V.,PL/19220/EXP/ES/2016,Morelos N. 741,22.99,28.39,26.99,Automotriz
2026-08-18,,,,OPERADORA DE SERVICIOS EN MOVILIDAD S.A. DE C.V.,PL/19754/EXP/ES/2016,Nuevo Periférico No. 250 Km 0.800,22.99,28.39,26.99,Automotriz
2026-08-18,,,,SÚPER SERVICIO LA CONCHA S.A. DE C.V.,PL/1671/EXP/ES/2015,Avenida Concepción No. 6100,23.49,26.70,,
2026-08-18,,,,ESTACIÓN DE SERVICIOS GOMCO S.A. DE C.V.,PL/10311/EXP/ES/2015,Avenida Constitución No. 485,23.49,26.89,26.75,Automotriz
2026-08-18,,,,GASEGURO S.A. DE C.V.,PL/8378/EXP/ES/2015,Boulevard Iztaccihuatl Y/O Camino San Sebastian-Sta Fe 4987,23.49,28.70,,
2026-08-18,,,,GASERVICIOS SAN DIEGO S.A. DE C.V.,PL/10165/EXP/ES/2015,Carretera Tlajomulco - San Miguel No. 1500,23.50,28.80,26.99,Diésel
2026-08-18,,,,SERVICIO JIPIGO S.A. DE C.V.,PL/11005/EXP/ES/2015,Carretera Tlajomulco- San Miguel Cuyutlán Km 11.50,23.50,28.80,26.99,Diésel
2026-08-18,,,,JOSÉ LUIS IBARRA NAVARRO,PL/4506/EXP/ES/2015,Carretera Guadlajara - Chapala Km 18,23.79,28.69,26.98,Diésel
2026-08-18,,,,VALCOOP Y ASOCIADOS S.A. DE C.V.,PL/9321/EXP/ES/2015,Carretera Guadalajara-Chapala Km 15.50 No. 10001,23.80,28.70,26.99,Diésel
2026-08-18,,,,GASOLINERA DIAL S.A. DE C.V.,PL/11397/EXP/ES/2015,Prolongación López Mateos Sur No. 807,23.87,28.97,27.29,Diésel
2026-08-18,,,,COMBUSTIBLE TLAJOMULCO S.A. DE C.V.,PL/10108/EXP/ES/2015,Avenida Concepción No. 79,23.89,,26.99,Automotriz
2026-08-18,,,,GRUPO G&G DE OCCIDENTE S.A. DE C.V.,PL/1739/EXP/ES/2015,Pedro Parra Centeno No. 71,23.89,29.29,27.29,Automotriz
2026-08-18,,,,SÚPER SERVICIO LA HACIENDA S.A. DE C.V.,PL/5728/EXP/ES/2015,Avenida Concepción del Valle No. 5300,23.90,27.40,26.99,Automotriz
2026-08-18,,,,COMBUSTIBLES ECCO S.A. DE C.V.,PL/19293/EXP/ES/2016,Adolf B. Horn 5501,23.94,27.79,26.95,Automotriz
2026-08-18,,,,TLAJOGAS S.A. DE C.V.,PL/8261/EXP/ES/2015,Higuera No. 114,23.95,29.70,26.95,Diésel
2026-08-18,,,,TLAJOGAS S.A. DE C.V.,PL/20456/EXP/ES/2017,Prolongación 8 de julio No. 163,23.95,29.70,26.95,Diésel
2026-08-18,,,,Servicios Ecológicos Chichen Itza S.A. de C.V.,PL/9010/EXP/ES/2015,Adolfo López Mateos No. 1300 Local 11,23.99,29.49,,
2026-08-18,,,,"OPORTO PLAZA, S.A. DE C.V.",PL/25619/EXP/ES/2024,AV. LAGO DE CHAPALA No. 510 ESQ. LOMAS DEL VALLE,23.99,29.59,26.99,DUBA
2026-08-18,,,,ENERGÉTICOS PLUS S.A. DE C.V.,PL/3052/EXP/ES/2015,Avenida Adolf B. Horn J.R. No. 3490,23.99,29.99,27.00,Automotriz
2026-08-18,,,,PETRO SERVICIOS DE OCCIDENTE S.A. DE C.V.,PL/9974/EXP/ES/2015,Avenida Adolph B. Horn Jr. N0 11001,23.99,28.79,27.79,Automotriz
2026-08-18,,,,SERVICIO SAN JOSÉ DEL VALLE DOS S.A. DE C.V.,PL/1584/EXP/ES/2015,Avenida Adolph B. Horn Jr. No. 1801,23.99,29.19,,
2026-08-18,,,,ORGANIZACION LA LUNA SA DE CV,PL/23762/EXP/ES/2021,AVENIDA PEDRO PARRA CENTENO 2699,23.99,29.99,27.00,Automotriz
2026-08-18,,,,GASOLINA Y DIESEL DE OCCIDENTE S.A. DE C.V.,PL/10140/EXP/ES/2015,Avenida Pedro Parra Centeno No. 112,23.99,29.48,27.00,Diésel
2026-08-18,,,,SERVICIOS GASOLINEROS DE MÉXICO S.A. DE C.V.,PL/7473/EXP/ES/2015,Avenida Revolución No. 10,23.99,,27.00,Diésel
2026-08-18,,,,AUTOSERVICIO GASOLINERO HACIENDA SANTA FE S.A. DE C.V.,PL/3702/EXP/ES/2015,Avenida Santa Fe No. 1000,23.99,28.99,27.00,DUBA
2026-08-18,,,,EUCALIPTOS DEL VALLE S. A. DE C. V,PL/19828/EXP/ES/2016,Boulevard Brasil 220 A,23.99,28.79,26.99,Diésel
2026-08-18,,,,SERVICIO NIGRAN S.A. DE C.V.,PL/25377/EXP/ES/2023,C. CUAUTHEMOC 252-A,23.99,,26.99,Automotriz
2026-08-18,,,,COMBUSTIBLES LAS URRACAS S.A. DE C.V.,PL/8332/EXP/ES/2015,Camino a San Sebastian El Grande-Tlajomulco No. 1575,23.99,29.99,27.99,Diésel
2026-08-18,,,,COMBUSTIBLES TLAJOMULCO S.A. DE C.V.,PL/10348/EXP/ES/2015,Camino Buenavista Tlajomulco No. 3,23.99,28.99,26.98,Automotriz
2026-08-18,,,,ESTACIÓN DE SERVICIO BETA S.A. DE C.V.,PL/3699/EXP/ES/2015,Camino Real a Colima No. 549 A,23.99,27.99,26.85,Automotriz
2026-08-18,,,,SERVICIOS HERMANOS VACO S.A. DE C.V.,PL/7148/EXP/ES/2015,Camino Real de Colima No. 782,23.99,29.19,,
2026-08-18,,,,PETROMAX S.A. DE C.V.,PL/623/EXP/ES/2015,Carretera a Cajititlán No. 200,23.99,29.99,,
2026-08-18,,,,SERVICIO FAPILO S.A. DE C.V.,PL/2007/EXP/ES/2015,Carretera a Santa Cruz Tala Km 6.5 No. 1200,23.99,29.79,26.99,Automotriz
2026-08-18,,,,GRUPO SULUMA S.A. DE C.V.,PL/4806/EXP/ES/2015,Carretera Estatal a San Isidro Mazatepec Km 5+200 Santa Cruz de Las Flores,23.99,28.99,27.00,Diésel
2026-08-18,,,,ESTACIÓN DE SERVICIO ROPER S.A. DE C.V.,PL/1673/EXP/ES/2015,Carretera Guadalajara - Chapala Km 14.5 S/N,23.99,29.99,26.99,Automotriz
2026-08-18,,,,ORGANIZACIÓN LA LUNA S.A. DE C.V.,PL/1712/EXP/ES/2015,Carretera Guadalajara - Morelia Km 20-1 Poniente Y Oriente,23.99,29.99,27.00,Diésel
2026-08-18,,,,COMBUSTIBLES POSEIDON S.A. DE C.V.,PL/1989/EXP/ES/2015,Carretera Guadalajara Morelia 1770 Fraccionamiento San José del Tajo,23.99,29.99,,
2026-08-18,,,,COMBUSTIBLES POPOYOTE S.A. DE C.V.,PL/2001/EXP/ES/2015,Carretera Guadalajara Morelia 7750,23.99,29.49,27.29,Diésel
2026-08-18,,,,GASOLINEROS MEXICANOS S.A. DE C.V.,PL/6900/EXP/ES/2015,Carretera Guadalajara-Chapal Km 17.5 Int. Aeropuerto,23.99,29.79,27.00,Diésel
2026-08-18,,,,GASOLINERA CASCO HERMANOS S.A. DE C.V.,PL/1763/EXP/ES/2015,Carretera Guadalajara-Colima Km 125+250,23.99,28.99,26.99,Diésel
2026-08-18,,,,SERVICIOS GASOLINEROS DE MÉXICO S.A. DE C.V.,PL/9790/EXP/ES/2015,Carretera Guadalajara-Morelia Km 36,23.99,29.99,27.00,Diésel
2026-08-18,,,,GOPRA S.A. DE C.V.,PL/1222/EXP/ES/2015,Carretera San Isidro Mazatepec No. 798,23.99,29.29,27.00,Automotriz
2026-08-18,,,,ENERGÉTICOS PLUS S.A. DE C.V.,PL/6771/EXP/ES/2015,Carretera San Miguel Cuyutlán S/N,23.99,29.99,27.00,Automotriz
2026-08-18,,,,GASOLINERA LA CAPACHA S.A. DE C.V.,PL/9071/EXP/ES/2015,Carretera San Sebastian Santa María No. 383,23.99,29.99,26.90,Automotriz
2026-08-18,,,,SERVICIOS GASOLINEROS DE MÉXICO S.A. DE C.V.,PL/12644/EXP/ES/2015,Carretera Tlajomulco - San Miguel Cuyutlán Km 7.70,23.99,29.99,27.00,Diésel
2026-08-18,,,,GASOLINERA SAN MIGUEL S.A. DE C.V.,PL/1752/EXP/ES/2015,Carretera Tlajomulco - San Miguel No. 01,23.99,29.89,26.99,Diésel
2026-08-18,,,,ENERGÍA DAMARIS S.A. DE C.V.,PL/6959/EXP/ES/2015,Constitución Oriente No. 71-A,23.99,29.90,26.99,Diésel
2026-08-18,,,,SAVLOZ COMPANNY S.A. DE C.V.,PL/9746/EXP/ES/2015,Ejidal Emiliano Zapata No. 10,23.99,29.99,26.99,Diésel
2026-08-18,,,,ESTACIÓN DE SERVICIO NAPTE S.A. DE C.V.,PL/5649/EXP/ES/2015,Emiliano Zapata No. 24,23.99,28.50,,
2026-08-18,,,,MULTISERVICIOS GASOLINEROS LUNA S.A. DE C.V.,PL/3733/EXP/ES/2015,Km 123+500 Carretera Guadalajara-Morelia,23.99,28.99,27.00,Diésel
2026-08-18,,,,GASOLINERA EL ZAPOTE S.A. DE C.V.,PL/5854/EXP/ES/2015,Km 17 de La Carretera Guadalajara-Chapala,23.99,29.45,26.99,Diésel
2026-08-18,,,,SERVICIO SANTA ANITA S.A. DE C.V.,PL/1926/EXP/ES/2015,Km 17.5 Carretera Guadalajara - Morelia,23.99,29.79,27.00,Automotriz
2026-08-18,,,,SERVICIOS GASOLINEROS DE MÉXICO S.A. DE C.V.,PL/7464/EXP/ES/2015,Km 20 Carretera Guadalajara-Chapala,23.99,29.99,27.00,Diésel
2026-08-18,,,,ESTACIÓN DE SERVICIO PYOTR S.A. DE C.V.,PL/10091/EXP/ES/2015,López Mateos No. 1200,23.99,28.69,26.99,Automotriz
2026-08-18,,,,CENTRAL SAN AGUSTÍN S.A. DE C.V.,PL/10103/EXP/ES/2015,López Mateos Sur 6998,23.99,29.99,27.00,Diésel
2026-08-18,,,,GASOLINERAS FAST DE OCCIDENTE S. DE R. L. DE C. V.,PL/9375/EXP/ES/2015,Prolongación 8 de Julio No. 575,23.99,28.99,26.99,Diésel
2026-08-18,,,,SERVICIOS SCDJ SI SA DE CV,PL/21994/EXP/ES/2018,PROLONGACION ADOLF B HORN 7900,23.99,26.99,27.00,Automotriz
2026-08-18,,,,DELFINA ORTIZ REGALADO,PL/8032/EXP/ES/2015,Prolongación Calle 1r0. de Mayo S/N,23.99,28.79,27.00,Diésel
2026-08-18,,,,GASOLINERA CUDEA S.A. DE C.V.,PL/1882/EXP/ES/2015,Avenida Acueducto No. 3507,24.00,29.00,27.00,Diésel
2026-08-18,,,,"GASOLINERA VERDE, S.A. DE C.V.",PL/25372/EXP/ES/2023,Blvd. Bosques de Santa Anita número 207,24.00,29.99,27.00,DUBA
2026-08-18,,,,SERVICIOS SAN JOSÉ DEL VALLE S.A. DE C.V.,PL/1583/EXP/ES/2015,Avenida Adolph B. Horn Jr. No. 1800,24.09,29.98,,
2026-08-18,,,,SERVICIO LAS CRUCES DE SANTA ANITA S.A. DE C.V.,PL/13062/EXP/ES/2016,Prolongación Ramon Corona 686,24.48,29.96,,
2026-08-18,,,,PETROMAX S.A. DE C.V.,PL/512/EXP/ES/2015,Carretera México - Guadalajara,24.49,29.99,,
2026-08-18,,,,PETROMAX S.A. DE C.V.,PL/518/EXP/ES/2015,Carretera Guadalajara - Morelia Km 3.5,24.59,29.99,,
2026-08-18,,,,SERVICIOS GASOLINEROS DE MEXICO SA DE CV,PL/1985/EXP/ES/2015,Avenida Ramon Corona No. 715,24.99,29.99,,
